Year,Production of Iron Ore,Production of Pig Iron,Total Production of Crude Steel,Production of Crude Steel in Electric Furnaces,Production of Crude Steel in Oxygen-blown Converters,Production of Ingots,Production of Continuously-cast Steel,Production of Hot Rolled Products,Production of Hot Rolled Flat Products,Production of Hot Rolled Long Products,"Production of Hot Rolled Coil, Sheet, and Strip (<3mm)",Production of Non-metallic Coated Sheet and Strip,Production of Other Metal Coated Sheet and Strip,Production of Wire Rod,Production of Railway Track Material,Total Production of Tubular Products,True Steel Use (finished steel equivalent),Apparent Steel Use (crude steel equivalent),Apparent Steel Use (finished steel products),True Steel Use per Capita (kg finished steel equivalent),Apparent Steel Use per Capita (kg crude steel),Apparent Steel Use per Capita (kg finished steel products),Exports of Iron Ore,Exports of Pig Iron,Exports of Scrap,Exports of Ingots and Semis,Exports of Flat Products,Exports of Long Products,Exports of Semi-finished and Finished Steel Products,Exports of Tubular Products,Imports of Iron Ore,Imports of Pig Iron,Imports of Scrap,Imports of Direct Reduced Iron,Imports of Ingots and Semis,Imports of Flat Products,Imports of Long Products,Imports of Semi-finished and Finished Steel Products,Imports of Tubular Products,Indirect Exports of Steel,Indirect Imports of Steel,Indirect Net Exports of Steel,Population,Urbanisation,GDP_AUD_Real2015,IP_Index_AUD_Real2015?,FX_USD,CPI_Index,Iron_Ore_Production,Coal_Production,Wind_Offshore,Wind_Onshore,Solar_Grid,Solar_Distributed,Production of Iron Ore_XGBoost,Production of Iron Ore_RandomForest,Production of Pig Iron_XGBoost,Production of Pig Iron_RandomForest,Total Production of Crude Steel_XGBoost,Total Production of Crude Steel_RandomForest,Production of Crude Steel in Electric Furnaces_XGBoost,Production of Crude Steel in Electric Furnaces_RandomForest,Production of Crude Steel in Oxygen-blown Converters_XGBoost,Production of Crude Steel in Oxygen-blown Converters_RandomForest,Production of Ingots_XGBoost,Production of Ingots_RandomForest,Production of Continuously-cast Steel_XGBoost,Production of Continuously-cast Steel_RandomForest,Production of Hot Rolled Products_XGBoost,Production of Hot Rolled Products_RandomForest,Production of Hot Rolled Flat Products_XGBoost,Production of Hot Rolled Flat Products_RandomForest,Production of Hot Rolled Long Products_XGBoost,Production of Hot Rolled Long Products_RandomForest,"Production of Hot Rolled Coil, Sheet, and Strip (<3mm)_XGBoost","Production of Hot Rolled Coil, Sheet, and Strip (<3mm)_RandomForest",Production of Non-metallic Coated Sheet and Strip_XGBoost,Production of Non-metallic Coated Sheet and Strip_RandomForest,Production of Other Metal Coated Sheet and Strip_XGBoost,Production of Other Metal Coated Sheet and Strip_RandomForest,Production of Wire Rod_XGBoost,Production of Wire Rod_RandomForest,Production of Railway Track Material_XGBoost,Production of Railway Track Material_RandomForest,Total Production of Tubular Products_XGBoost,Total Production of Tubular Products_RandomForest,True Steel Use (finished steel equivalent)_XGBoost,True Steel Use (finished steel equivalent)_RandomForest,Apparent Steel Use (crude steel equivalent)_XGBoost,Apparent Steel Use (crude steel equivalent)_RandomForest,Apparent Steel Use (finished steel products)_XGBoost,Apparent Steel Use (finished steel products)_RandomForest,True Steel Use per Capita (kg finished steel equivalent)_XGBoost,True Steel Use per Capita (kg finished steel equivalent)_RandomForest,Apparent Steel Use per Capita (kg crude steel)_XGBoost,Apparent Steel Use per Capita (kg crude steel)_RandomForest,Apparent Steel Use per Capita (kg finished steel products)_XGBoost,Apparent Steel Use per Capita (kg finished steel products)_RandomForest,Exports of Iron Ore_XGBoost,Exports of Iron Ore_RandomForest,Exports of Pig Iron_XGBoost,Exports of Pig Iron_RandomForest,Exports of Scrap_XGBoost,Exports of Scrap_RandomForest,Exports of Ingots and Semis_XGBoost,Exports of Ingots and Semis_RandomForest,Exports of Flat Products_XGBoost,Exports of Flat Products_RandomForest,Exports of Long Products_XGBoost,Exports of Long Products_RandomForest,Exports of Semi-finished and Finished Steel Products_XGBoost,Exports of Semi-finished and Finished Steel Products_RandomForest,Exports of Tubular Products_XGBoost,Exports of Tubular Products_RandomForest,Imports of Iron Ore_XGBoost,Imports of Iron Ore_RandomForest,Imports of Pig Iron_XGBoost,Imports of Pig Iron_RandomForest,Imports of Scrap_XGBoost,Imports of Scrap_RandomForest,Imports of Direct Reduced Iron_XGBoost,Imports of Direct Reduced Iron_RandomForest,Imports of Ingots and Semis_XGBoost,Imports of Ingots and Semis_RandomForest,Imports of Flat Products_XGBoost,Imports of Flat Products_RandomForest,Imports of Long Products_XGBoost,Imports of Long Products_RandomForest,Imports of Semi-finished and Finished Steel Products_XGBoost,Imports of Semi-finished and Finished Steel Products_RandomForest,Imports of Tubular Products_XGBoost,Imports of Tubular Products_RandomForest,Indirect Exports of Steel_XGBoost,Indirect Exports of Steel_RandomForest,Indirect Imports of Steel_XGBoost,Indirect Imports of Steel_RandomForest,Indirect Net Exports of Steel_XGBoost,Indirect Net Exports of Steel_RandomForest
2004,234697.0,5735.0,7414.0,1475.0,5939.0,60.0,7354.0,5096.0,2984.0,2079.0,2615.0,,672.0,,,472.0,9262.0,7500.0,7000.0,460.7,373.1,348.2,210450.0,0.0,1029.0,4.0,507.0,164.0,779.0,107.0,2284.0,157.0,33.0,0.0,8.0,852.0,642.0,2177.0,675.0,603.0,2865.0,-2262.0,20.05,84.5,1352.5,133.3,1.36,0.578,233.0,313.1,,,,,234697.0,234697.0,5735.0,5735.0,7414.0,7414.0,1475.0,1475.0,5939.0,5939.0,60.0,60.0,7354.0,7354.0,5096.0,5096.0,2984.0,2984.0,2079.0,2079.0,2615.0,2615.0,,,672.0,672.0,,,,,472.0,472.0,9262.0,9262.0,7500.0,7500.0,7000.0,7000.0,460.7,460.7,373.1,373.1,348.2,348.2,210450.0,210450.0,0.0,0.0,1029.0,1029.0,4.0,4.0,507.0,507.0,164.0,164.0,779.0,779.0,107.0,107.0,2284.0,2284.0,157.0,157.0,33.0,33.0,0.0,0.0,8.0,8.0,852.0,852.0,642.0,642.0,2177.0,2177.0,675.0,675.0,603.0,603.0,2865.0,2865.0,-2262.0,-2262.0
2005,257525.0,6203.0,7757.0,1380.0,6375.0,54.0,7703.0,5013.0,2850.0,2138.0,2489.0,,,,,645.0,10339.0,7419.0,6900.0,506.7,363.6,338.2,238763.0,0.0,1265.0,28.0,464.0,147.0,722.0,83.0,1547.0,309.0,19.0,0.0,36.0,1200.0,747.0,2435.0,452.0,957.0,4396.0,-3439.0,20.29,84.6,1343.6,130.9,1.31,0.592,260.6,326.0,,,,,257525.0,257525.0,6203.0,6203.0,7757.0,7757.0,1380.0,1380.0,6375.0,6375.0,54.0,54.0,7703.0,7703.0,5013.0,5013.0,2850.0,2850.0,2138.0,2138.0,2489.0,2489.0,,,,,,,,,645.0,645.0,10339.0,10339.0,7419.0,7419.0,6900.0,6900.0,506.7,506.7,363.6,363.6,338.2,338.2,238763.0,238763.0,0.0,0.0,1265.0,1265.0,28.0,28.0,464.0,464.0,147.0,147.0,722.0,722.0,83.0,83.0,1547.0,1547.0,309.0,309.0,19.0,19.0,0.0,0.0,36.0,36.0,1200.0,1200.0,747.0,747.0,2435.0,2435.0,452.0,452.0,957.0,957.0,4396.0,4396.0,-3439.0,-3439.0
2006,275091.0,6433.0,7881.0,1439.0,6442.0,59.0,7822.0,5352.0,3032.0,2320.0,2630.0,,702.0,,,,10012.0,7420.0,6900.0,482.6,357.7,332.6,248147.0,67.0,1355.0,1.0,938.0,169.0,1164.0,56.0,3144.0,196.0,25.0,2.0,12.0,1039.0,735.0,2230.0,444.0,679.0,3790.0,-3112.0,20.59,84.7,1400.1,135.2,1.33,0.613,271.8,334.8,,,,,275091.0,275091.0,6433.0,6433.0,7881.0,7881.0,1439.0,1439.0,6442.0,6442.0,59.0,59.0,7822.0,7822.0,5352.0,5352.0,3032.0,3032.0,2320.0,2320.0,2630.0,2630.0,,,702.0,702.0,,,,,,,10012.0,10012.0,7420.0,7420.0,6900.0,6900.0,482.6,482.6,357.7,357.7,332.6,332.6,248147.0,248147.0,67.0,67.0,1355.0,1355.0,1.0,1.0,938.0,938.0,169.0,169.0,1164.0,1164.0,56.0,56.0,3144.0,3144.0,196.0,196.0,25.0,25.0,2.0,2.0,12.0,12.0,1039.0,1039.0,735.0,735.0,2230.0,2230.0,444.0,444.0,679.0,679.0,3790.0,3790.0,-3112.0,-3112.0
2007,298974.0,6369.0,7939.0,1520.0,6418.0,62.0,7877.0,6756.0,4398.0,2358.0,3983.0,,685.0,853.0,86.0,375.0,10749.0,8126.0,7337.0,508.9,384.8,347.4,268574.0,96.0,1501.0,2.0,1021.0,173.0,1223.0,27.0,4217.0,76.0,21.0,0.0,12.0,1139.0,848.0,2304.0,304.0,683.0,4095.0,-3412.0,20.95,84.8,1307.5,126.2,1.2,0.628,296.8,361.4,,,,,298974.0,298974.0,6369.0,6369.0,7939.0,7939.0,1520.0,1520.0,6418.0,6418.0,62.0,62.0,7877.0,7877.0,6756.0,6756.0,4398.0,4398.0,2358.0,2358.0,3983.0,3983.0,,,685.0,685.0,853.0,853.0,86.0,86.0,375.0,375.0,10749.0,10749.0,8126.0,8126.0,7337.0,7337.0,508.9,508.9,384.8,384.8,347.4,347.4,268574.0,268574.0,96.0,96.0,1501.0,1501.0,2.0,2.0,1021.0,1021.0,173.0,173.0,1223.0,1223.0,27.0,27.0,4217.0,4217.0,76.0,76.0,21.0,21.0,0.0,0.0,12.0,12.0,1139.0,1139.0,848.0,848.0,2304.0,2304.0,304.0,304.0,683.0,683.0,4095.0,4095.0,-3412.0,-3412.0
2008,349822.0,6057.0,7625.0,1467.0,6158.0,65.0,7560.0,6658.0,4308.0,2350.0,3850.0,751.0,1622.0,866.0,219.0,345.0,11313.0,8224.0,7426.0,525.8,382.3,345.2,308931.0,81.0,1708.0,3.0,1173.0,166.0,1421.0,79.0,4649.0,143.0,5.0,101.0,85.0,1261.0,877.0,2960.0,737.0,697.0,4584.0,-3887.0,21.37,84.9,1351.2,129.9,1.19,0.655,343.1,369.4,,,,,349822.0,349822.0,6057.0,6057.0,7625.0,7625.0,1467.0,1467.0,6158.0,6158.0,65.0,65.0,7560.0,7560.0,6658.0,6658.0,4308.0,4308.0,2350.0,2350.0,3850.0,3850.0,751.0,751.0,1622.0,1622.0,866.0,866.0,219.0,219.0,345.0,345.0,11313.0,11313.0,8224.0,8224.0,7426.0,7426.0,525.8,525.8,382.3,382.3,345.2,345.2,308931.0,308931.0,81.0,81.0,1708.0,1708.0,3.0,3.0,1173.0,1173.0,166.0,166.0,1421.0,1421.0,79.0,79.0,4649.0,4649.0,143.0,143.0,5.0,5.0,101.0,101.0,85.0,85.0,1261.0,1261.0,877.0,877.0,2960.0,2960.0,737.0,737.0,697.0,697.0,4584.0,4584.0,-3887.0,-3887.0
2009,394068.0,4370.0,5249.0,919.0,4331.0,57.0,5192.0,4789.0,3021.0,1768.0,2793.0,610.0,1308.0,660.0,105.0,243.0,8112.0,5916.0,5341.0,370.4,270.1,243.9,380523.0,3.0,1925.0,32.0,754.0,67.0,928.0,43.0,3852.0,11.0,2.0,0.0,5.0,744.0,624.0,2113.0,735.0,549.0,3320.0,-2771.0,21.78,85.1,1480.7,138.8,1.28,0.665,392.9,380.1,,,,,394068.0,394068.0,4370.0,4370.0,5249.0,5249.0,919.0,919.0,4331.0,4331.0,57.0,57.0,5192.0,5192.0,4789.0,4789.0,3021.0,3021.0,1768.0,1768.0,2793.0,2793.0,610.0,610.0,1308.0,1308.0,660.0,660.0,105.0,105.0,243.0,243.0,8112.0,8112.0,5916.0,5916.0,5341.0,5341.0,370.4,370.4,270.1,270.1,243.9,243.9,380523.0,380523.0,3.0,3.0,1925.0,1925.0,32.0,32.0,754.0,754.0,67.0,67.0,928.0,928.0,43.0,43.0,3852.0,3852.0,11.0,11.0,2.0,2.0,0.0,0.0,5.0,5.0,744.0,744.0,624.0,624.0,2113.0,2113.0,735.0,735.0,549.0,549.0,3320.0,3320.0,-2771.0,-2771.0
2010,432779.0,6005.0,7296.0,1229.0,6067.0,52.0,7244.0,6327.0,4399.0,1927.0,4052.0,89.0,1612.0,709.0,124.0,251.0,10523.0,7716.0,6966.0,472.5,346.5,312.8,427389.0,3.0,1636.0,18.0,1491.0,82.0,1659.0,40.0,5503.0,12.0,3.0,51.0,53.0,993.0,856.0,2597.0,693.0,667.0,4223.0,-3556.0,22.14,85.2,1286.9,123.2,1.09,0.683,433.2,383.6,,,,,432779.0,432779.0,6005.0,6005.0,7296.0,7296.0,1229.0,1229.0,6067.0,6067.0,52.0,52.0,7244.0,7244.0,6327.0,6327.0,4399.0,4399.0,1927.0,1927.0,4052.0,4052.0,89.0,89.0,1612.0,1612.0,709.0,709.0,124.0,124.0,251.0,251.0,10523.0,10523.0,7716.0,7716.0,6966.0,6966.0,472.5,472.5,346.5,346.5,312.8,312.8,427389.0,427389.0,3.0,3.0,1636.0,1636.0,18.0,18.0,1491.0,1491.0,82.0,82.0,1659.0,1659.0,40.0,40.0,5503.0,5503.0,12.0,12.0,3.0,3.0,51.0,51.0,53.0,53.0,993.0,993.0,856.0,856.0,2597.0,2597.0,693.0,693.0,667.0,667.0,4223.0,4223.0,-3556.0,-3556.0
2011,477332.0,5265.0,6404.0,1254.0,5150.0,55.0,6350.0,6082.0,4059.0,2023.0,3694.0,711.0,1607.0,683.0,223.0,241.0,10474.0,6672.0,6024.0,463.3,295.1,266.5,465625.0,1.0,1745.0,52.0,1187.0,89.0,1389.0,38.0,4987.0,11.0,3.0,1.0,7.0,896.0,833.0,2346.0,607.0,753.0,5203.0,-4450.0,22.48,85.3,1171.9,110.6,0.97,0.705,478.2,397.6,0.0,2355.0,3.0,1408.0,477332.0,477332.0,5265.0,5265.0,6404.0,6404.0,1254.0,1254.0,5150.0,5150.0,55.0,55.0,6350.0,6350.0,6082.0,6082.0,4059.0,4059.0,2023.0,2023.0,3694.0,3694.0,711.0,711.0,1607.0,1607.0,683.0,683.0,223.0,223.0,241.0,241.0,10474.0,10474.0,6672.0,6672.0,6024.0,6024.0,463.3,463.3,295.1,295.1,266.5,266.5,465625.0,465625.0,1.0,1.0,1745.0,1745.0,52.0,52.0,1187.0,1187.0,89.0,89.0,1389.0,1389.0,38.0,38.0,4987.0,4987.0,11.0,11.0,3.0,3.0,1.0,1.0,7.0,7.0,896.0,896.0,833.0,833.0,2346.0,2346.0,607.0,607.0,753.0,753.0,5203.0,5203.0,-4450.0,-4450.0
2012,520032.0,3710.0,4893.0,1116.0,3777.0,61.0,4832.0,5381.0,3364.0,2017.0,2708.0,556.0,1195.0,677.0,166.0,214.0,11846.0,7152.0,6458.0,516.9,312.1,281.8,524056.0,0.0,2245.0,12.0,443.0,103.0,641.0,45.0,3951.0,7.0,5.0,1.0,131.0,946.0,722.0,2884.0,1048.0,835.0,6223.0,-5389.0,22.85,85.4,1213.2,114.5,0.97,0.718,527.8,410.6,0.0,2665.0,45.0,2226.0,520032.0,520032.0,3710.0,3710.0,4893.0,4893.0,1116.0,1116.0,3777.0,3777.0,61.0,61.0,4832.0,4832.0,5381.0,5381.0,3364.0,3364.0,2017.0,2017.0,2708.0,2708.0,556.0,556.0,1195.0,1195.0,677.0,677.0,166.0,166.0,214.0,214.0,11846.0,11846.0,7152.0,7152.0,6458.0,6458.0,516.9,516.9,312.1,312.1,281.8,281.8,524056.0,524056.0,0.0,0.0,2245.0,2245.0,12.0,12.0,443.0,443.0,103.0,103.0,641.0,641.0,45.0,45.0,3951.0,3951.0,7.0,7.0,5.0,5.0,1.0,1.0,131.0,131.0,946.0,946.0,722.0,722.0,2884.0,2884.0,1048.0,1048.0,835.0,835.0,6223.0,6223.0,-5389.0,-5389.0
2013,608900.0,3477.0,4688.0,1045.0,3642.0,61.0,4630.0,4400.0,2549.0,1850.0,2289.0,569.0,1195.0,690.0,108.0,190.0,10948.0,6376.0,5757.0,474.0,274.7,248.0,613379.0,0.0,2200.0,28.0,438.0,99.0,631.0,38.0,4070.0,10.0,2.0,0.0,3.0,629.0,730.0,2208.0,844.0,866.0,6057.0,-5191.0,23.24,85.5,1335.1,126.2,1.04,0.735,619.3,431.4,0.0,3320.0,45.0,2826.0,608900.0,608900.0,3477.0,3477.0,4688.0,4688.0,1045.0,1045.0,3642.0,3642.0,61.0,61.0,4630.0,4630.0,4400.0,4400.0,2549.0,2549.0,1850.0,1850.0,2289.0,2289.0,569.0,569.0,1195.0,1195.0,690.0,690.0,108.0,108.0,190.0,190.0,10948.0,10948.0,6376.0,6376.0,5757.0,5757.0,474.0,474.0,274.7,274.7,248.0,248.0,613379.0,613379.0,0.0,0.0,2200.0,2200.0,28.0,28.0,438.0,438.0,99.0,99.0,631.0,631.0,38.0,38.0,4070.0,4070.0,10.0,10.0,2.0,2.0,0.0,0.0,3.0,3.0,629.0,629.0,730.0,730.0,2208.0,2208.0,844.0,844.0,866.0,866.0,6057.0,6057.0,-5191.0,-5191.0
2014,745735.0,3282.0,4607.0,1034.0,3573.0,26.0,4581.0,4092.0,2413.0,1679.0,2160.0,622.0,1343.0,720.0,89.0,155.0,11276.0,7142.0,6449.0,480.0,304.0,275.0,754302.0,0.0,2362.0,59.0,447.0,99.0,683.0,45.0,3003.0,13.0,23.0,0.0,32.0,808.0,855.0,2978.0,1281.0,829.0,5656.0,-4827.0,23.6,85.6,1466.9,142.5,1.11,0.755,745.6,426.6,0.0,3732.0,57.0,3393.0,745735.0,745735.0,3282.0,3282.0,4607.0,4607.0,1034.0,1034.0,3573.0,3573.0,26.0,26.0,4581.0,4581.0,4092.0,4092.0,2413.0,2413.0,1679.0,1679.0,2160.0,2160.0,622.0,622.0,1343.0,1343.0,720.0,720.0,89.0,89.0,155.0,155.0,11276.0,11276.0,7142.0,7142.0,6449.0,6449.0,480.0,480.0,304.0,304.0,275.0,275.0,754302.0,754302.0,0.0,0.0,2362.0,2362.0,59.0,59.0,447.0,447.0,99.0,99.0,683.0,683.0,45.0,45.0,3003.0,3003.0,13.0,13.0,23.0,23.0,0.0,0.0,32.0,32.0,808.0,808.0,855.0,855.0,2978.0,2978.0,1281.0,1281.0,829.0,829.0,5656.0,5656.0,-4827.0,-4827.0
2015,809900.0,3594.0,4925.0,1127.0,3797.0,25.0,4900.0,4307.0,2628.0,1679.0,2415.0,656.0,1367.0,720.0,89.0,155.0,11228.0,6967.0,6291.0,471.0,292.0,264.0,810529.0,0.0,1898.0,49.0,579.0,128.0,841.0,61.0,2792.0,12.0,22.0,0.0,2.0,714.0,806.0,2868.0,1344.0,890.0,5827.0,-4937.0,23.95,85.7,1798.7,175.1,1.33,0.766,802.4,444.6,0.0,3951.0,187.0,3883.0,809900.0,809900.0,3594.0,3594.0,4925.0,4925.0,1127.0,1127.0,3797.0,3797.0,25.0,25.0,4900.0,4900.0,4307.0,4307.0,2628.0,2628.0,1679.0,1679.0,2415.0,2415.0,656.0,656.0,1367.0,1367.0,720.0,720.0,89.0,89.0,155.0,155.0,11228.0,11228.0,6967.0,6967.0,6291.0,6291.0,471.0,471.0,292.0,292.0,264.0,264.0,810529.0,810529.0,0.0,0.0,1898.0,1898.0,49.0,49.0,579.0,579.0,128.0,128.0,841.0,841.0,61.0,61.0,2792.0,2792.0,12.0,12.0,22.0,22.0,0.0,0.0,2.0,2.0,714.0,714.0,806.0,806.0,2868.0,2868.0,1344.0,1344.0,890.0,890.0,5827.0,5827.0,-4937.0,-4937.0
2016,858026.0,3642.0,5259.0,1276.0,3983.0,26.0,5234.0,4693.0,2739.0,1954.0,2501.0,719.0,1473.0,927.0,89.0,155.0,10672.0,6477.0,5849.0,441.0,268.0,242.0,854443.0,0.0,1583.0,41.0,529.0,119.0,776.0,65.0,815.0,11.0,81.0,0.0,16.0,634.0,914.0,1935.0,369.0,868.0,5691.0,-4823.0,24.33,85.8,1867.9,181.1,1.35,0.776,856.8,476.4,0.0,4527.0,242.0,4381.0,858026.0,858026.0,3642.0,3642.0,5259.0,5259.0,1276.0,1276.0,3983.0,3983.0,26.0,26.0,5234.0,5234.0,4693.0,4693.0,2739.0,2739.0,1954.0,1954.0,2501.0,2501.0,719.0,719.0,1473.0,1473.0,927.0,927.0,89.0,89.0,155.0,155.0,10672.0,10672.0,6477.0,6477.0,5849.0,5849.0,441.0,441.0,268.0,268.0,242.0,242.0,854443.0,854443.0,0.0,0.0,1583.0,1583.0,41.0,41.0,529.0,529.0,119.0,119.0,776.0,776.0,65.0,65.0,815.0,815.0,11.0,11.0,81.0,81.0,0.0,0.0,16.0,16.0,634.0,634.0,914.0,914.0,1935.0,1935.0,369.0,369.0,868.0,868.0,5691.0,5691.0,-4823.0,-4823.0
2017,884900.0,3758.0,5328.0,1224.0,4104.0,,5328.0,4606.0,3003.0,1603.0,2709.0,724.0,1536.0,931.0,,,10439.0,6026.0,5441.0,425.0,245.0,221.0,872751.0,0.0,1979.0,18.0,809.0,87.0,979.0,39.0,341.0,17.0,52.0,1.0,3.0,671.0,1126.0,2269.0,465.0,482.0,5480.0,-4998.0,24.73,85.9,1853.1,178.0,1.3,0.792,879.2,505.4,0.0,4760.0,553.0,5113.0,884900.0,884900.0,3758.0,3758.0,5328.0,5328.0,1224.0,1224.0,4104.0,4104.0,,,5328.0,5328.0,4606.0,4606.0,3003.0,3003.0,1603.0,1603.0,2709.0,2709.0,724.0,724.0,1536.0,1536.0,931.0,931.0,,,,,10439.0,10439.0,6026.0,6026.0,5441.0,5441.0,425.0,425.0,245.0,245.0,221.0,221.0,872751.0,872751.0,0.0,0.0,1979.0,1979.0,18.0,18.0,809.0,809.0,87.0,87.0,979.0,979.0,39.0,39.0,341.0,341.0,17.0,17.0,52.0,52.0,1.0,1.0,3.0,3.0,671.0,671.0,1126.0,1126.0,2269.0,2269.0,465.0,465.0,482.0,482.0,5480.0,5480.0,-4998.0,-4998.0
2018,903900.0,3882.0,5689.0,1461.0,4228.0,,5689.0,5146.0,3077.0,2069.0,2747.0,761.0,1613.0,650.0,100.0,,10456.0,6091.0,5500.0,419.0,244.0,220.0,887434.0,0.0,1968.0,95.0,724.0,137.0,998.0,42.0,769.0,13.0,55.0,1.0,1.0,379.0,535.0,1236.0,319.0,411.0,5367.0,-4956.0,25.12,86.0,1955.6,189.9,1.34,0.805,894.4,504.1,0.0,5440.0,3551.0,6183.0,903900.0,903900.0,3882.0,3882.0,5689.0,5689.0,1461.0,1461.0,4228.0,4228.0,,,5689.0,5689.0,5146.0,5146.0,3077.0,3077.0,2069.0,2069.0,2747.0,2747.0,761.0,761.0,1613.0,1613.0,650.0,650.0,100.0,100.0,,,10456.0,10456.0,6091.0,6091.0,5500.0,5500.0,419.0,419.0,244.0,244.0,220.0,220.0,887434.0,887434.0,0.0,0.0,1968.0,1968.0,95.0,95.0,724.0,724.0,137.0,137.0,998.0,998.0,42.0,42.0,769.0,769.0,13.0,13.0,55.0,55.0,1.0,1.0,1.0,1.0,379.0,379.0,535.0,535.0,1236.0,1236.0,319.0,319.0,411.0,411.0,5367.0,5367.0,-4956.0,-4956.0
2019,917000.0,3664.0,5493.0,1470.0,4023.0,,5493.0,4961.0,2982.0,1978.0,2679.0,764.0,1515.0,615.0,80.0,,10500.0,6091.0,5500.0,414.0,240.0,217.0,836224.0,0.0,2229.0,66.0,886.0,152.0,1147.0,42.0,815.0,21.0,95.0,2.0,2.0,250.0,373.0,918.0,291.0,460.0,5460.0,-5000.0,25.48,86.1,2147.5,208.6,1.44,0.818,894.9,506.7,0.0,6243.0,5699.0,7658.0,917000.0,917000.0,3664.0,3664.0,5493.0,5493.0,1470.0,1470.0,4023.0,4023.0,,,5493.0,5493.0,4961.0,4961.0,2982.0,2982.0,1978.0,1978.0,2679.0,2679.0,764.0,764.0,1515.0,1515.0,615.0,615.0,80.0,80.0,,,10500.0,10500.0,6091.0,6091.0,5500.0,5500.0,414.0,414.0,240.0,240.0,217.0,217.0,836224.0,836224.0,0.0,0.0,2229.0,2229.0,66.0,66.0,886.0,886.0,152.0,152.0,1147.0,1147.0,42.0,42.0,815.0,815.0,21.0,21.0,95.0,95.0,2.0,2.0,2.0,2.0,250.0,250.0,373.0,373.0,918.0,918.0,291.0,291.0,460.0,460.0,5460.0,5460.0,-5000.0,-5000.0
2020,918063.0,3723.0,5490.0,1427.0,4064.0,,5490.0,4915.0,2951.0,1964.0,2612.0,797.0,1589.0,578.0,90.0,,,5648.0,5100.0,,220.0,199.0,873031.0,0.0,2090.0,2.0,721.0,99.0,891.0,67.0,888.0,12.0,116.0,1.0,56.0,540.0,690.0,1835.0,496.0,,,,25.74,86.2,2122.4,209.0,1.45,0.82,921.2,482.0,0.0,7130.0,7296.0,9775.0,918063.0,918063.0,3723.0,3723.0,5490.0,5490.0,1427.0,1427.0,4064.0,4064.0,,,5490.0,5490.0,4915.0,4915.0,2951.0,2951.0,1964.0,1964.0,2612.0,2612.0,797.0,797.0,1589.0,1589.0,578.0,578.0,90.0,90.0,,,,,5648.0,5648.0,5100.0,5100.0,,,220.0,220.0,199.0,199.0,873031.0,873031.0,0.0,0.0,2090.0,2090.0,2.0,2.0,721.0,721.0,99.0,99.0,891.0,891.0,67.0,67.0,888.0,888.0,12.0,12.0,116.0,116.0,1.0,1.0,56.0,56.0,540.0,540.0,690.0,690.0,1835.0,1835.0,496.0,496.0,,,,,,
2021,922159.0,3751.0,5780.0,1527.0,4252.0,,5780.0,4848.0,3115.0,1733.0,2763.0,887.0,1749.0,654.0,,,,6817.0,6156.0,,263.0,237.0,876573.0,0.0,1638.0,118.0,375.0,155.0,711.0,63.0,864.0,10.0,108.0,1.0,231.0,299.0,327.0,1171.0,313.0,,,,25.96,86.4,2051.1,193.0,1.33,0.848,928.9,494.7,0.0,8368.0,8899.0,11720.0,922159.0,922159.0,3751.0,3751.0,5780.0,5780.0,1527.0,1527.0,4252.0,4252.0,,,5780.0,5780.0,4848.0,4848.0,3115.0,3115.0,1733.0,1733.0,2763.0,2763.0,887.0,887.0,1749.0,1749.0,654.0,654.0,,,,,,,6817.0,6817.0,6156.0,6156.0,,,263.0,263.0,237.0,237.0,876573.0,876573.0,0.0,0.0,1638.0,1638.0,118.0,118.0,375.0,375.0,155.0,155.0,711.0,711.0,63.0,63.0,864.0,864.0,10.0,10.0,108.0,108.0,1.0,1.0,231.0,231.0,299.0,299.0,327.0,327.0,1171.0,1171.0,313.0,313.0,,,,,,
2022,944052.0,3652.0,5621.0,1455.0,4166.0,,5621.0,4800.0,3080.0,1720.0,,,,,,,,6800.0,6140.0,,260.0,235.0,887984.0,,1867.0,138.0,943.0,106.0,1245.0,58.0,1037.0,15.0,98.0,,67.0,356.0,331.0,1072.0,317.0,,,,26.2,86.5,2308.2,210.5,1.44,0.9,932.0,499.9,0.0,10843.0,11233.0,13938.0,944052.0,944052.0,3652.0,3652.0,5621.0,5621.0,1455.0,1455.0,4166.0,4166.0,,,5621.0,5621.0,4800.0,4800.0,3080.0,3080.0,1720.0,1720.0,,,,,,,,,,,,,,,6800.0,6800.0,6140.0,6140.0,,,260.0,260.0,235.0,235.0,887984.0,887984.0,,,1867.0,1867.0,138.0,138.0,943.0,943.0,106.0,106.0,1245.0,1245.0,58.0,58.0,1037.0,1037.0,15.0,15.0,98.0,98.0,,,67.0,67.0,356.0,356.0,331.0,331.0,1072.0,1072.0,317.0,317.0,,,,,,
2023,952510.0,3461.0,5459.0,1461.0,3998.0,,5459.0,5140.0,3300.0,1840.0,,,,,,,,7130.0,6439.0,,270.0,244.0,898459.0,0.0,2120.0,41.0,829.0,90.0,1028.0,66.0,993.0,21.0,51.0,0.0,48.0,490.0,866.0,2041.0,623.0,,,,26.45,86.6,2456.9,221.3,1.51,0.95,938.6,471.8,0.0,11608.0,8890.0,16069.0,952510.0,952510.0,3461.0,3461.0,5459.0,5459.0,1461.0,1461.0,3998.0,3998.0,,,5459.0,5459.0,5140.0,5140.0,3300.0,3300.0,1840.0,1840.0,,,,,,,,,,,,,,,7130.0,7130.0,6439.0,6439.0,,,270.0,270.0,244.0,244.0,898459.0,898459.0,0.0,0.0,2120.0,2120.0,41.0,41.0,829.0,829.0,90.0,90.0,1028.0,1028.0,66.0,66.0,993.0,993.0,21.0,21.0,51.0,51.0,0.0,0.0,48.0,48.0,490.0,490.0,866.0,866.0,2041.0,2041.0,623.0,623.0,,,,,,
2024,,,,,,,,,,,,,,,,,,,,,,,,,,,,,,,,,,,,,,,,,,,,,,,,,,,,,,,951851.5,945203.07,3462.814208984375,3533.28,5528.42529296875,5573.32,1459.1640625,1463.28,4032.845703125,4097.99,26.013437271118164,26.43,5514.62060546875,5574.66,5000.6630859375,4949.68,3289.993896484375,3218.48,1794.4417724609375,1818.67,2630.107177734375,2651.55,885.8994140625,843.38,1722.00048828125,1660.02,578.8414306640625,629.52,80.23536682128906,86.94,155.0123291015625,155.7,10499.61328125,10534.98,7120.1328125,6851.32,6430.92529296875,6187.02,414.2151184082031,422.8,269.9977722167969,260.63,244.0000762939453,235.45,897136.625,890656.99,5.563446848100284e-06,0.0,1996.138671875,1944.61,121.96788024902344,100.62,858.7946166992188,784.32,90.5152587890625,100.95,1055.9293212890625,1035.75,65.9953842163086,62.05,996.0343017578125,995.72,15.051807403564453,16.63,50.99235916137695,74.96,0.00044822346535511315,0.39,65.89043426513672,95.38,491.08697509765625,468.57,777.3038330078125,645.97,2030.0474853515625,1767.76,619.5015258789062,548.65,431.8915710449219,492.48,5450.11083984375,5436.32,0.0,0.0
2025,,,,,,,,,,,,,,,,,,,,,,,,,,,,,,,,,,,,,,,,,,,,,,,,,,,,,,,951851.5,927143.05,3462.814208984375,3540.07,5520.89892578125,5510.34,1459.1640625,1453.18,4032.845703125,4064.25,26.013437271118164,27.45,5503.41455078125,5508.67,5000.6630859375,4935.84,3289.993896484375,3174.53,1723.281982421875,1820.04,2630.107177734375,2639.86,885.8994140625,827.13,1722.00048828125,1642.84,578.8414306640625,631.99,80.23536682128906,87.0,155.0123291015625,156.4,10499.61328125,10565.9,7120.1328125,6816.97,6430.92529296875,6149.0,414.2151184082031,425.52,269.9977722167969,265.341,244.0000762939453,238.83,897136.625,876965.38,5.563446848100284e-06,0.0,1996.138671875,1959.91,121.96788024902344,100.16,858.7946166992188,774.69,90.5152587890625,103.32,1079.9654541015625,1032.05,65.9953842163086,61.66,1029.1873779296875,1192.1,15.051807403564453,16.48,50.99235916137695,70.35,0.00044822346535511315,0.38,65.89043426513672,102.1,495.2152099609375,477.35,777.3038330078125,641.14,2030.0474853515625,1757.99,619.5015258789062,642.21,431.8915710449219,492.07,5450.11083984375,5439.44,0.0,0.0
2026,,,,,,,,,,,,,,,,,,,,,,,,,,,,,,,,,,,,,,,,,,,,,,,,,,,,,,,951851.5,932620.96,3462.814208984375,3538.02,5520.89892578125,5506.82,1459.1640625,1453.26,4032.845703125,4064.74,26.013437271118164,26.72,5503.41455078125,5505.15,5000.6630859375,4937.35,3289.993896484375,3188.66,1723.281982421875,1818.67,2630.107177734375,2639.86,885.8994140625,827.13,1722.00048828125,1642.84,578.8414306640625,631.99,80.23536682128906,86.92,155.0123291015625,155.7,10499.61328125,10565.9,7120.1328125,6851.76,6430.92529296875,6180.46,414.2151184082031,425.52,269.9977722167969,265.524,244.0000762939453,239.02,897136.625,880253.9,5.563446848100284e-06,0.0,1996.138671875,1960.75,121.96788024902344,100.57,858.7946166992188,776.77,90.5152587890625,101.71,1079.9654541015625,1032.02,65.9953842163086,61.77,1029.1873779296875,1202.84,15.051807403564453,16.59,50.99235916137695,69.78,0.00044822346535511315,0.37,65.89043426513672,95.38,495.2152099609375,477.03,777.3038330078125,646.53,2030.0474853515625,1767.76,619.5015258789062,641.77,431.8915710449219,492.07,5450.11083984375,5439.44,0.0,0.0
2027,,,,,,,,,,,,,,,,,,,,,,,,,,,,,,,,,,,,,,,,,,,,,,,,,,,,,,,951851.5,932620.96,3462.814208984375,3538.02,5520.89892578125,5506.82,1459.1640625,1453.26,4032.845703125,4064.74,26.013437271118164,26.72,5503.41455078125,5505.15,5000.6630859375,4937.35,3289.993896484375,3188.66,1723.281982421875,1818.67,2630.107177734375,2639.86,885.8994140625,827.13,1722.00048828125,1642.84,578.8414306640625,631.99,80.23536682128906,86.92,155.0123291015625,155.7,10499.61328125,10565.9,7120.1328125,6851.76,6430.92529296875,6180.46,414.2151184082031,425.52,269.9977722167969,265.524,244.0000762939453,239.02,897136.625,880253.9,5.563446848100284e-06,0.0,1996.138671875,1960.75,121.96788024902344,100.57,858.7946166992188,776.77,90.5152587890625,101.71,1079.9654541015625,1032.02,65.9953842163086,61.77,1029.1873779296875,1202.84,15.051807403564453,16.59,50.99235916137695,69.78,0.00044822346535511315,0.37,65.89043426513672,95.38,495.2152099609375,477.03,777.3038330078125,646.53,2030.0474853515625,1767.76,619.5015258789062,641.77,431.8915710449219,492.07,5450.11083984375,5439.44,0.0,0.0
2028,,,,,,,,,,,,,,,,,,,,,,,,,,,,,,,,,,,,,,,,,,,,,,,,,,,,,,,951851.5,931844.78,3462.814208984375,3542.26,5520.89892578125,5518.81,1464.773193359375,1454.24,4032.845703125,4072.3,26.013437271118164,26.72,5518.94189453125,5517.14,5000.6630859375,4926.16,3289.993896484375,3158.37,1723.281982421875,1797.62,2630.107177734375,2643.89,885.8994140625,826.47,1722.00048828125,1642.84,578.8414306640625,634.23,80.23536682128906,86.82,155.0123291015625,155.7,10499.61328125,10565.9,7120.1328125,6918.04,6430.92529296875,6240.25,414.2151184082031,425.52,269.80596923828125,268.644,243.85890197753906,242.17,897136.625,878768.68,5.563446848100284e-06,0.0,1994.032958984375,1918.74,126.50177001953125,100.26,858.7946166992188,778.39,96.77104187011719,105.05,1090.5338134765625,1039.52,64.75093841552734,60.93,1029.1873779296875,1202.26,15.051807403564453,16.08,50.99235916137695,72.49,0.00044822346535511315,0.38,65.89043426513672,95.68,357.61981201171875,446.33,390.0557861328125,577.66,2030.0474853515625,1647.25,419.78594970703125,584.06,431.8915710449219,492.07,5450.11083984375,5439.44,0.0,0.0
2029,,,,,,,,,,,,,,,,,,,,,,,,,,,,,,,,,,,,,,,,,,,,,,,,,,,,,,,951851.5,930611.43,3462.814208984375,3547.32,5520.89892578125,5534.3,1464.773193359375,1451.93,4032.845703125,4078.29,26.013437271118164,26.72,5518.94189453125,5532.38,5000.6630859375,4918.75,3289.993896484375,3143.15,1723.281982421875,1801.11,2630.107177734375,2648.8,885.8994140625,826.47,1722.00048828125,1642.84,578.8414306640625,648.05,80.23536682128906,86.86,155.0123291015625,155.7,10499.61328125,10564.58,7120.1328125,6904.98,6430.92529296875,6228.45,414.2151184082031,425.77,269.80596923828125,268.654,243.85890197753906,242.17,897136.625,878474.99,5.563446848100284e-06,0.0,1994.032958984375,1893.18,126.50177001953125,100.73,858.7946166992188,751.55,96.77104187011719,105.92,1090.5338134765625,1031.2,64.75093841552734,60.88,1029.1873779296875,1200.32,15.051807403564453,15.87,50.99235916137695,72.75,0.00044822346535511315,0.38,65.89043426513672,94.99,357.61981201171875,447.97,390.0557861328125,574.55,2030.0474853515625,1631.83,419.78594970703125,579.83,431.8915710449219,490.6,5450.11083984375,5437.58,0.0,0.0
2030,,,,,,,,,,,,,,,,,,,,,,,,,,,,,,,,,,,,,,,,,,,,,,,,,,,,,,,951851.5,927796.77,3462.814208984375,3546.03,5520.89892578125,5535.32,1464.773193359375,1452.15,4032.845703125,4078.28,26.013437271118164,26.72,5518.94189453125,5533.4,5000.6630859375,4928.78,3289.993896484375,3137.83,1723.281982421875,1812.04,2630.107177734375,2648.87,885.8994140625,820.14,1722.00048828125,1634.34,578.8414306640625,652.18,80.23536682128906,87.04,155.0123291015625,155.7,10499.61328125,10563.26,7120.1328125,6898.79,6430.92529296875,6222.87,414.2151184082031,425.82,269.80596923828125,268.704,243.85890197753906,242.19,897136.625,877617.28,5.563446848100284e-06,0.0,1994.032958984375,1896.08,126.50177001953125,94.53,858.7946166992188,749.31,96.77104187011719,106.96,1090.5338134765625,1023.31,64.75093841552734,60.5,1029.1873779296875,1184.55,15.051807403564453,15.93,50.99235916137695,71.81,0.00044822346535511315,0.37,65.89043426513672,94.4,357.61981201171875,454.1,390.0557861328125,597.09,2030.0474853515625,1633.94,419.78594970703125,578.41,431.8915710449219,490.6,5450.11083984375,5436.65,0.0,0.0
2031,,,,,,,,,,,,,,,,,,,,,,,,,,,,,,,,,,,,,,,,,,,,,,,,,,,,,,,951851.5,915989.32,3436.068115234375,3478.48,5498.919921875,5507.75,1464.773193359375,1423.69,4019.227294921875,4072.15,26.013437271118164,27.81,5505.99658203125,5500.01,4855.3916015625,4899.5,3256.240234375,3106.72,1723.281982421875,1801.46,2616.34716796875,2631.8,885.8994140625,818.56,1722.00048828125,1629.02,578.8414306640625,684.38,80.23536682128906,86.99,155.0123291015625,156.99,10570.9091796875,10593.21,7252.2890625,6937.43,6550.16650390625,6257.69,418.201904296875,427.39,271.11614990234375,276.34,245.36471557617188,249.02,897136.625,873346.41,5.563446848100284e-06,0.0,2068.223388671875,1910.05,132.1150360107422,93.46,858.7946166992188,736.34,96.77104187011719,105.56,1090.5338134765625,1005.2,64.75093841552734,60.25,1029.1873779296875,1177.15,15.211894989013672,16.08,51.50244903564453,70.97,0.00044822346535511315,0.35,67.008544921875,96.55,357.61981201171875,517.91,390.0557861328125,647.46,2045.5318603515625,1849.15,419.78594970703125,591.07,431.8915710449219,515.09,5418.9384765625,5460.21,0.0,0.0
2032,,,,,,,,,,,,,,,,,,,,,,,,,,,,,,,,,,,,,,,,,,,,,,,,,,,,,,,951851.5,900125.46,3436.068115234375,3547.06,5498.919921875,5477.12,1464.773193359375,1417.13,4019.227294921875,4076.56,26.013437271118164,28.76,5505.99658203125,5472.54,4855.3916015625,4938.8,3256.240234375,3130.78,1723.281982421875,1815.64,2616.34716796875,2654.73,885.8994140625,803.51,1722.00048828125,1607.56,578.8414306640625,682.31,80.23536682128906,96.99,155.0123291015625,160.48,10570.9091796875,10688.71,7252.2890625,6943.26,6550.16650390625,6262.93,418.201904296875,433.478,271.11614990234375,279.823,245.36471557617188,252.08699999999996,897136.625,857793.55,5.563446848100284e-06,0.03,2068.223388671875,1907.66,132.1150360107422,93.46,858.7946166992188,736.12,96.77104187011719,105.65,1090.5338134765625,1006.43,64.75093841552734,60.25,1029.1873779296875,1361.34,15.211894989013672,15.92,51.50244903564453,66.5,0.00044822346535511315,0.39,67.008544921875,99.2,357.61981201171875,521.61,390.0557861328125,645.91,2045.5318603515625,1857.76,419.78594970703125,667.24,431.8915710449219,531.74,5418.9384765625,5500.94,0.0,0.0
2033,,,,,,,,,,,,,,,,,,,,,,,,,,,,,,,,,,,,,,,,,,,,,,,,,,,,,,,951851.5,902032.82,3436.068115234375,3620.31,5498.919921875,5525.29,1464.773193359375,1423.69,4019.227294921875,4123.63,26.013437271118164,28.82,5505.99658203125,5511.84,4855.3916015625,4973.38,3256.240234375,3165.24,1723.281982421875,1818.8,2616.34716796875,2695.71,885.8994140625,810.16,1722.00048828125,1617.36,578.8414306640625,684.38,80.23536682128906,96.99,155.0123291015625,160.48,10570.9091796875,10653.29,7252.2890625,6936.69,6550.16650390625,6257.0,418.201904296875,430.538,271.11614990234375,277.99499999999995,245.36471557617188,250.42899999999997,897136.625,860651.73,5.563446848100284e-06,0.07,2068.223388671875,1902.38,132.1150360107422,93.57,858.7946166992188,744.58,96.77104187011719,105.54,1090.5338134765625,1014.44,64.75093841552734,60.25,1029.1873779296875,1270.93,15.211894989013672,15.9,51.50244903564453,68.78,0.00044822346535511315,0.39,67.008544921875,99.2,357.61981201171875,521.11,390.0557861328125,645.91,2045.5318603515625,1842.05,419.78594970703125,611.8,431.8915710449219,531.74,5418.9384765625,5491.2,0.0,0.0
2034,,,,,,,,,,,,,,,,,,,,,,,,,,,,,,,,,,,,,,,,,,,,,,,,,,,,,,,951851.5,904885.02,3436.068115234375,3624.13,5498.919921875,5569.7,1464.773193359375,1423.69,4019.227294921875,4145.81,26.013437271118164,28.82,5505.99658203125,5558.08,4855.3916015625,4973.38,3256.240234375,3188.53,1723.281982421875,1818.8,2616.34716796875,2712.68,885.8994140625,817.37,1722.00048828125,1627.34,578.8414306640625,684.38,80.23536682128906,96.99,155.0123291015625,160.48,10570.9091796875,10617.99,7252.2890625,6935.02,6550.16650390625,6255.49,418.201904296875,427.759,271.11614990234375,277.275,245.36471557617188,249.77899999999997,897136.625,861531.03,5.563446848100284e-06,0.07,2068.223388671875,1902.38,132.1150360107422,93.57,858.7946166992188,755.5,96.77104187011719,105.54,1090.5338134765625,1022.52,64.75093841552734,60.25,1029.1873779296875,1186.63,15.211894989013672,15.99,51.50244903564453,70.97,0.00044822346535511315,0.39,67.008544921875,99.2,357.61981201171875,521.11,390.0557861328125,645.91,2045.5318603515625,1842.05,419.78594970703125,581.84,431.8915710449219,515.21,5418.9384765625,5470.7,0.0,0.0
2035,,,,,,,,,,,,,,,,,,,,,,,,,,,,,,,,,,,,,,,,,,,,,,,,,,,,,,,951851.5,902032.82,3436.068115234375,3620.31,5498.919921875,5525.29,1464.773193359375,1423.69,4019.227294921875,4123.63,26.013437271118164,28.82,5505.99658203125,5511.84,4855.3916015625,4973.38,3256.240234375,3165.24,1723.281982421875,1818.8,2616.34716796875,2695.71,885.8994140625,810.16,1722.00048828125,1617.36,578.8414306640625,684.38,80.23536682128906,96.99,155.0123291015625,160.48,10570.9091796875,10653.29,7252.2890625,6936.69,6550.16650390625,6257.0,418.201904296875,430.538,271.11614990234375,277.99499999999995,245.36471557617188,250.42899999999997,897136.625,860651.73,5.563446848100284e-06,0.07,2068.223388671875,1902.38,132.1150360107422,93.57,858.7946166992188,744.58,96.77104187011719,105.54,1090.5338134765625,1014.44,64.75093841552734,60.25,1029.1873779296875,1270.93,15.211894989013672,15.9,51.50244903564453,68.78,0.00044822346535511315,0.39,67.008544921875,99.2,357.61981201171875,521.11,390.0557861328125,645.91,2045.5318603515625,1842.05,419.78594970703125,611.8,431.8915710449219,531.74,5418.9384765625,5491.2,0.0,0.0
2036,,,,,,,,,,,,,,,,,,,,,,,,,,,,,,,,,,,,,,,,,,,,,,,,,,,,,,,951851.5,902032.82,3436.068115234375,3620.31,5498.919921875,5525.29,1464.773193359375,1423.69,4019.227294921875,4123.63,26.013437271118164,28.82,5505.99658203125,5511.84,4855.3916015625,4973.38,3256.240234375,3165.24,1723.281982421875,1818.8,2616.34716796875,2695.71,885.8994140625,810.16,1722.00048828125,1617.36,578.8414306640625,684.38,80.23536682128906,96.99,155.0123291015625,160.48,10570.9091796875,10653.29,7252.2890625,6936.69,6550.16650390625,6257.0,418.201904296875,430.538,271.11614990234375,277.99499999999995,245.36471557617188,250.42899999999997,897136.625,860651.73,5.563446848100284e-06,0.07,2068.223388671875,1902.38,132.1150360107422,93.57,858.7946166992188,744.58,96.77104187011719,105.54,1090.5338134765625,1014.44,64.75093841552734,60.25,1029.1873779296875,1270.93,15.211894989013672,15.9,51.50244903564453,68.78,0.00044822346535511315,0.39,67.008544921875,99.2,357.61981201171875,521.11,390.0557861328125,645.91,2045.5318603515625,1842.05,419.78594970703125,611.8,431.8915710449219,531.74,5418.9384765625,5491.2,0.0,0.0
2037,,,,,,,,,,,,,,,,,,,,,,,,,,,,,,,,,,,,,,,,,,,,,,,,,,,,,,,951851.5,902032.82,3436.068115234375,3620.31,5498.919921875,5525.29,1464.773193359375,1423.69,4019.227294921875,4123.63,26.013437271118164,28.82,5505.99658203125,5511.84,4855.3916015625,4973.38,3256.240234375,3165.24,1723.281982421875,1818.8,2616.34716796875,2695.71,885.8994140625,810.16,1722.00048828125,1617.36,578.8414306640625,684.38,80.23536682128906,96.99,155.0123291015625,160.48,10570.9091796875,10653.29,7252.2890625,6936.69,6550.16650390625,6257.0,418.201904296875,430.538,271.11614990234375,277.99499999999995,245.36471557617188,250.42899999999997,897136.625,860651.73,5.563446848100284e-06,0.07,2068.223388671875,1902.38,132.1150360107422,93.57,858.7946166992188,744.58,96.77104187011719,105.54,1090.5338134765625,1014.44,64.75093841552734,60.25,1029.1873779296875,1270.93,15.211894989013672,15.9,51.50244903564453,68.78,0.00044822346535511315,0.39,67.008544921875,99.2,357.61981201171875,521.11,390.0557861328125,645.91,2045.5318603515625,1842.05,419.78594970703125,611.8,431.8915710449219,531.74,5418.9384765625,5491.2,0.0,0.0
2038,,,,,,,,,,,,,,,,,,,,,,,,,,,,,,,,,,,,,,,,,,,,,,,,,,,,,,,951851.5,902032.82,3436.068115234375,3620.31,5498.919921875,5525.29,1464.773193359375,1423.69,4019.227294921875,4123.63,26.013437271118164,28.82,5505.99658203125,5511.84,4855.3916015625,4973.38,3256.240234375,3165.24,1723.281982421875,1818.8,2616.34716796875,2695.71,885.8994140625,810.16,1722.00048828125,1617.36,578.8414306640625,684.38,80.23536682128906,96.99,155.0123291015625,160.48,10570.9091796875,10653.29,7252.2890625,6936.69,6550.16650390625,6257.0,418.201904296875,430.538,271.11614990234375,277.99499999999995,245.36471557617188,250.42899999999997,897136.625,860651.73,5.563446848100284e-06,0.07,2068.223388671875,1902.38,132.1150360107422,93.57,858.7946166992188,744.58,96.77104187011719,105.54,1090.5338134765625,1014.44,64.75093841552734,60.25,1029.1873779296875,1270.93,15.211894989013672,15.9,51.50244903564453,68.78,0.00044822346535511315,0.39,67.008544921875,99.2,357.61981201171875,521.11,390.0557861328125,645.91,2045.5318603515625,1842.05,419.78594970703125,611.8,431.8915710449219,531.74,5418.9384765625,5491.2,0.0,0.0
2039,,,,,,,,,,,,,,,,,,,,,,,,,,,,,,,,,,,,,,,,,,,,,,,,,,,,,,,951851.5,902032.82,3436.068115234375,3620.31,5498.919921875,5525.29,1464.773193359375,1423.69,4019.227294921875,4123.63,26.013437271118164,28.82,5505.99658203125,5511.84,4855.3916015625,4973.38,3256.240234375,3165.24,1723.281982421875,1818.8,2616.34716796875,2695.71,885.8994140625,810.16,1722.00048828125,1617.36,578.8414306640625,684.38,80.23536682128906,96.99,155.0123291015625,160.48,10570.9091796875,10653.29,7252.2890625,6936.69,6550.16650390625,6257.0,418.201904296875,430.538,271.11614990234375,277.99499999999995,245.36471557617188,250.42899999999997,897136.625,860651.73,5.563446848100284e-06,0.07,2068.223388671875,1902.38,132.1150360107422,93.57,858.7946166992188,744.58,96.77104187011719,105.54,1090.5338134765625,1014.44,64.75093841552734,60.25,1029.1873779296875,1270.93,15.211894989013672,15.9,51.50244903564453,68.78,0.00044822346535511315,0.39,67.008544921875,99.2,357.61981201171875,521.11,390.0557861328125,645.91,2045.5318603515625,1842.05,419.78594970703125,611.8,431.8915710449219,531.74,5418.9384765625,5491.2,0.0,0.0
2040,,,,,,,,,,,,,,,,,,,,,,,,,,,,,,,,,,,,,,,,,,,,,,,,,,,,,,,951851.5,902032.82,3436.068115234375,3620.31,5498.919921875,5525.29,1464.773193359375,1423.69,4019.227294921875,4123.63,26.013437271118164,28.82,5505.99658203125,5511.84,4855.3916015625,4973.38,3256.240234375,3165.24,1723.281982421875,1818.8,2616.34716796875,2695.71,885.8994140625,810.16,1722.00048828125,1617.36,578.8414306640625,684.38,80.23536682128906,96.99,155.0123291015625,160.48,10570.9091796875,10653.29,7252.2890625,6936.69,6550.16650390625,6257.0,418.201904296875,430.538,271.11614990234375,277.99499999999995,245.36471557617188,250.42899999999997,897136.625,860651.73,5.563446848100284e-06,0.07,2068.223388671875,1902.38,132.1150360107422,93.57,858.7946166992188,744.58,96.77104187011719,105.54,1090.5338134765625,1014.44,64.75093841552734,60.25,1029.1873779296875,1270.93,15.211894989013672,15.9,51.50244903564453,68.78,0.00044822346535511315,0.39,67.008544921875,99.2,357.61981201171875,521.11,390.0557861328125,645.91,2045.5318603515625,1842.05,419.78594970703125,611.8,431.8915710449219,531.74,5418.9384765625,5491.2,0.0,0.0
2041,,,,,,,,,,,,,,,,,,,,,,,,,,,,,,,,,,,,,,,,,,,,,,,,,,,,,,,951851.5,902032.82,3436.068115234375,3620.31,5498.919921875,5525.29,1464.773193359375,1423.69,4019.227294921875,4123.63,26.013437271118164,28.82,5505.99658203125,5511.84,4855.3916015625,4973.38,3256.240234375,3165.24,1723.281982421875,1818.8,2616.34716796875,2695.71,885.8994140625,810.16,1722.00048828125,1617.36,578.8414306640625,684.38,80.23536682128906,96.99,155.0123291015625,160.48,10570.9091796875,10653.29,7252.2890625,6936.69,6550.16650390625,6257.0,418.201904296875,430.538,271.11614990234375,277.99499999999995,245.36471557617188,250.42899999999997,897136.625,860651.73,5.563446848100284e-06,0.07,2068.223388671875,1902.38,132.1150360107422,93.57,858.7946166992188,744.58,96.77104187011719,105.54,1090.5338134765625,1014.44,64.75093841552734,60.25,1029.1873779296875,1270.93,15.211894989013672,15.9,51.50244903564453,68.78,0.00044822346535511315,0.39,67.008544921875,99.2,357.61981201171875,521.11,390.0557861328125,645.91,2045.5318603515625,1842.05,419.78594970703125,611.8,431.8915710449219,531.74,5418.9384765625,5491.2,0.0,0.0
2042,,,,,,,,,,,,,,,,,,,,,,,,,,,,,,,,,,,,,,,,,,,,,,,,,,,,,,,951851.5,902032.82,3436.068115234375,3620.31,5498.919921875,5525.29,1464.773193359375,1423.69,4019.227294921875,4123.63,26.013437271118164,28.82,5505.99658203125,5511.84,4855.3916015625,4973.38,3256.240234375,3165.24,1723.281982421875,1818.8,2616.34716796875,2695.71,885.8994140625,810.16,1722.00048828125,1617.36,578.8414306640625,684.38,80.23536682128906,96.99,155.0123291015625,160.48,10570.9091796875,10653.29,7252.2890625,6936.69,6550.16650390625,6257.0,418.201904296875,430.538,271.11614990234375,277.99499999999995,245.36471557617188,250.42899999999997,897136.625,860651.73,5.563446848100284e-06,0.07,2068.223388671875,1902.38,132.1150360107422,93.57,858.7946166992188,744.58,96.77104187011719,105.54,1090.5338134765625,1014.44,64.75093841552734,60.25,1029.1873779296875,1270.93,15.211894989013672,15.9,51.50244903564453,68.78,0.00044822346535511315,0.39,67.008544921875,99.2,357.61981201171875,521.11,390.0557861328125,645.91,2045.5318603515625,1842.05,419.78594970703125,611.8,431.8915710449219,531.74,5418.9384765625,5491.2,0.0,0.0
2043,,,,,,,,,,,,,,,,,,,,,,,,,,,,,,,,,,,,,,,,,,,,,,,,,,,,,,,951851.5,902032.82,3436.068115234375,3620.31,5498.919921875,5525.29,1464.773193359375,1423.69,4019.227294921875,4123.63,26.013437271118164,28.82,5505.99658203125,5511.84,4855.3916015625,4973.38,3256.240234375,3165.24,1723.281982421875,1818.8,2616.34716796875,2695.71,885.8994140625,810.16,1722.00048828125,1617.36,578.8414306640625,684.38,80.23536682128906,96.99,155.0123291015625,160.48,10570.9091796875,10653.29,7252.2890625,6936.69,6550.16650390625,6257.0,418.201904296875,430.538,271.11614990234375,277.99499999999995,245.36471557617188,250.42899999999997,897136.625,860651.73,5.563446848100284e-06,0.07,2068.223388671875,1902.38,132.1150360107422,93.57,858.7946166992188,744.58,96.77104187011719,105.54,1090.5338134765625,1014.44,64.75093841552734,60.25,1029.1873779296875,1270.93,15.211894989013672,15.9,51.50244903564453,68.78,0.00044822346535511315,0.39,67.008544921875,99.2,357.61981201171875,521.11,390.0557861328125,645.91,2045.5318603515625,1842.05,419.78594970703125,611.8,431.8915710449219,531.74,5418.9384765625,5491.2,0.0,0.0
2044,,,,,,,,,,,,,,,,,,,,,,,,,,,,,,,,,,,,,,,,,,,,,,,,,,,,,,,951851.5,900125.46,3436.068115234375,3620.31,5498.919921875,5511.37,1464.773193359375,1417.13,4019.227294921875,4115.92,26.013437271118164,28.76,5505.99658203125,5504.63,4855.3916015625,4938.8,3256.240234375,3163.34,1723.281982421875,1815.64,2616.34716796875,2695.71,885.8994140625,802.98,1722.00048828125,1608.66,578.8414306640625,682.31,80.23536682128906,96.99,155.0123291015625,160.48,10570.9091796875,10688.45,7252.2890625,6943.26,6550.16650390625,6262.93,418.201904296875,433.478,271.11614990234375,279.65299999999996,245.36471557617188,251.93399999999997,897136.625,857793.55,5.563446848100284e-06,0.07,2068.223388671875,1902.38,132.1150360107422,93.57,858.7946166992188,744.58,96.77104187011719,105.54,1090.5338134765625,1015.09,64.75093841552734,60.25,1029.1873779296875,1361.34,15.211894989013672,15.92,51.50244903564453,66.5,0.00044822346535511315,0.39,67.008544921875,99.2,357.61981201171875,521.11,390.0557861328125,645.91,2045.5318603515625,1852.38,419.78594970703125,662.67,431.8915710449219,531.74,5418.9384765625,5495.8,0.0,0.0
2045,,,,,,,,,,,,,,,,,,,,,,,,,,,,,,,,,,,,,,,,,,,,,,,,,,,,,,,951851.5,900125.46,3436.068115234375,3620.31,5498.919921875,5511.37,1464.773193359375,1417.13,4019.227294921875,4115.92,26.013437271118164,28.76,5505.99658203125,5504.63,4855.3916015625,4938.8,3256.240234375,3163.34,1723.281982421875,1815.64,2616.34716796875,2695.71,885.8994140625,802.98,1722.00048828125,1608.66,578.8414306640625,682.31,80.23536682128906,96.99,155.0123291015625,160.48,10570.9091796875,10688.45,7252.2890625,6943.26,6550.16650390625,6262.93,418.201904296875,433.478,271.11614990234375,279.65299999999996,245.36471557617188,251.93399999999997,897136.625,857793.55,5.563446848100284e-06,0.07,2068.223388671875,1902.38,132.1150360107422,93.57,858.7946166992188,744.58,96.77104187011719,105.54,1090.5338134765625,1015.09,64.75093841552734,60.25,1029.1873779296875,1361.34,15.211894989013672,15.92,51.50244903564453,66.5,0.00044822346535511315,0.39,67.008544921875,99.2,357.61981201171875,521.11,390.0557861328125,645.91,2045.5318603515625,1852.38,419.78594970703125,662.67,431.8915710449219,531.74,5418.9384765625,5495.8,0.0,0.0
2046,,,,,,,,,,,,,,,,,,,,,,,,,,,,,,,,,,,,,,,,,,,,,,,,,,,,,,,951851.5,900125.46,3436.068115234375,3620.31,5498.919921875,5511.37,1464.773193359375,1417.13,4019.227294921875,4115.92,26.013437271118164,28.76,5505.99658203125,5504.63,4855.3916015625,4938.8,3256.240234375,3163.34,1723.281982421875,1815.64,2616.34716796875,2695.71,885.8994140625,802.98,1722.00048828125,1608.66,578.8414306640625,682.31,80.23536682128906,96.99,155.0123291015625,160.48,10570.9091796875,10688.45,7252.2890625,6943.26,6550.16650390625,6262.93,418.201904296875,433.478,271.11614990234375,279.65299999999996,245.36471557617188,251.93399999999997,897136.625,857793.55,5.563446848100284e-06,0.07,2068.223388671875,1902.38,132.1150360107422,93.57,858.7946166992188,744.58,96.77104187011719,105.54,1090.5338134765625,1015.09,64.75093841552734,60.25,1029.1873779296875,1361.34,15.211894989013672,15.92,51.50244903564453,66.5,0.00044822346535511315,0.39,67.008544921875,99.2,357.61981201171875,521.11,390.0557861328125,645.91,2045.5318603515625,1852.38,419.78594970703125,662.67,431.8915710449219,531.74,5418.9384765625,5495.8,0.0,0.0
2047,,,,,,,,,,,,,,,,,,,,,,,,,,,,,,,,,,,,,,,,,,,,,,,,,,,,,,,951851.5,900125.46,3436.068115234375,3620.31,5498.919921875,5511.37,1464.773193359375,1417.13,4019.227294921875,4115.92,26.013437271118164,28.76,5505.99658203125,5504.63,4855.3916015625,4938.8,3256.240234375,3163.34,1723.281982421875,1815.64,2616.34716796875,2695.71,885.8994140625,802.98,1722.00048828125,1608.66,578.8414306640625,682.31,80.23536682128906,96.99,155.0123291015625,160.48,10570.9091796875,10688.45,7252.2890625,6943.26,6550.16650390625,6262.93,418.201904296875,433.478,271.11614990234375,279.65299999999996,245.36471557617188,251.93399999999997,897136.625,857793.55,5.563446848100284e-06,0.07,2068.223388671875,1902.38,132.1150360107422,93.57,858.7946166992188,744.58,96.77104187011719,105.54,1090.5338134765625,1015.09,64.75093841552734,60.25,1029.1873779296875,1361.34,15.211894989013672,15.92,51.50244903564453,66.5,0.00044822346535511315,0.39,67.008544921875,99.2,357.61981201171875,521.11,390.0557861328125,645.91,2045.5318603515625,1852.38,419.78594970703125,662.67,431.8915710449219,531.74,5418.9384765625,5495.8,0.0,0.0
2048,,,,,,,,,,,,,,,,,,,,,,,,,,,,,,,,,,,,,,,,,,,,,,,,,,,,,,,951851.5,900125.46,3436.068115234375,3620.31,5498.919921875,5511.37,1464.773193359375,1417.13,4019.227294921875,4115.92,26.013437271118164,28.76,5505.99658203125,5504.63,4855.3916015625,4938.8,3256.240234375,3163.34,1723.281982421875,1815.64,2616.34716796875,2695.71,885.8994140625,802.98,1722.00048828125,1608.66,578.8414306640625,682.31,80.23536682128906,96.99,155.0123291015625,160.48,10570.9091796875,10688.45,7252.2890625,6943.26,6550.16650390625,6262.93,418.201904296875,433.478,271.11614990234375,279.65299999999996,245.36471557617188,251.93399999999997,897136.625,857793.55,5.563446848100284e-06,0.07,2068.223388671875,1902.38,132.1150360107422,93.57,858.7946166992188,744.58,96.77104187011719,105.54,1090.5338134765625,1015.09,64.75093841552734,60.25,1029.1873779296875,1361.34,15.211894989013672,15.92,51.50244903564453,66.5,0.00044822346535511315,0.39,67.008544921875,99.2,357.61981201171875,521.11,390.0557861328125,645.91,2045.5318603515625,1852.38,419.78594970703125,662.67,431.8915710449219,531.74,5418.9384765625,5495.8,0.0,0.0
2049,,,,,,,,,,,,,,,,,,,,,,,,,,,,,,,,,,,,,,,,,,,,,,,,,,,,,,,951851.5,900125.46,3436.068115234375,3620.31,5498.919921875,5511.37,1464.773193359375,1417.13,4019.227294921875,4115.92,26.013437271118164,28.76,5505.99658203125,5504.63,4855.3916015625,4938.8,3256.240234375,3163.34,1723.281982421875,1815.64,2616.34716796875,2695.71,885.8994140625,802.98,1722.00048828125,1608.66,578.8414306640625,682.31,80.23536682128906,96.99,155.0123291015625,160.48,10570.9091796875,10688.45,7252.2890625,6943.26,6550.16650390625,6262.93,418.201904296875,433.478,271.11614990234375,279.65299999999996,245.36471557617188,251.93399999999997,897136.625,857793.55,5.563446848100284e-06,0.07,2068.223388671875,1902.38,132.1150360107422,93.57,858.7946166992188,744.58,96.77104187011719,105.54,1090.5338134765625,1015.09,64.75093841552734,60.25,1029.1873779296875,1361.34,15.211894989013672,15.92,51.50244903564453,66.5,0.00044822346535511315,0.39,67.008544921875,99.2,357.61981201171875,521.11,390.0557861328125,645.91,2045.5318603515625,1852.38,419.78594970703125,662.67,431.8915710449219,531.74,5418.9384765625,5495.8,0.0,0.0
2050,,,,,,,,,,,,,,,,,,,,,,,,,,,,,,,,,,,,,,,,,,,,,,,,,,,,,,,951851.5,900125.46,3436.068115234375,3620.31,5498.919921875,5511.37,1464.773193359375,1417.13,4019.227294921875,4115.92,26.013437271118164,28.76,5505.99658203125,5504.63,4855.3916015625,4938.8,3256.240234375,3163.34,1723.281982421875,1815.64,2616.34716796875,2695.71,885.8994140625,802.98,1722.00048828125,1608.66,578.8414306640625,682.31,80.23536682128906,96.99,155.0123291015625,160.48,10570.9091796875,10688.45,7252.2890625,6943.26,6550.16650390625,6262.93,418.201904296875,433.478,271.11614990234375,279.65299999999996,245.36471557617188,251.93399999999997,897136.625,857793.55,5.563446848100284e-06,0.07,2068.223388671875,1902.38,132.1150360107422,93.57,858.7946166992188,744.58,96.77104187011719,105.54,1090.5338134765625,1015.09,64.75093841552734,60.25,1029.1873779296875,1361.34,15.211894989013672,15.92,51.50244903564453,66.5,0.00044822346535511315,0.39,67.008544921875,99.2,357.61981201171875,521.11,390.0557861328125,645.91,2045.5318603515625,1852.38,419.78594970703125,662.67,431.8915710449219,531.74,5418.9384765625,5495.8,0.0,0.0
